ID_Maintenance,ID_Machine,Technicien,Date_Maintenance,Action_Maintenance
1,25,Veronica Murphy,2019-02-17,Today country important before product.
2,93,Richard Serrano,2018-03-24,Financial own cause this street.
3,64,Jason Grant,2016-10-15,Think believe expert many father.
4,5,Melanie Jimenez,2017-01-24,Model professor understand late.
5,61,Gina Powers,2015-03-11,Article assume discuss particular.
6,56,Timothy Hart,2021-05-17,Technology themselves stand experience industry.
7,30,Adam Moreno,2010-01-10,Alone model Mr between whether until interview.
8,32,Troy Joyce,2020-11-21,Why story check wife field off hit four.
9,58,Amanda Torres,2010-01-30,Mouth much material to message.
10,34,Alexandra Morgan,2018-12-04,Staff foot reveal account.
11,47,Jennifer Huffman,2019-07-08,Marriage simple still administration special.
12,22,Samuel Miller,2014-05-06,Article phone bit hear deep price feel political.
13,71,Kenneth West,2018-12-07,Participant both foot gas hotel.
14,84,Sherry Burns,2011-05-08,Less day me present ago actually.
15,31,James Miller,2016-05-18,Coach need another pretty.
16,51,Erica Diaz,2015-09-11,Lead trip believe soon realize season region easy.
17,83,Melissa Watson,2020-09-17,Present occur the energy.
18,37,Eric Vance,2017-11-21,Case within risk choice poor she with.
19,98,John Huang,2018-06-22,Low couple before agency official.
20,49,Larry Cook,2018-12-25,Identify find buy eight firm college.
21,74,Kylie Perez,2020-08-01,Year shake challenge book family strategy animal authority.
22,34,Amanda Sanchez,2015-06-21,All dinner court more choice test.
23,10,Andrea Martin,2016-04-01,Difference contain want produce per.
24,32,Jesse Mcdowell,2018-10-07,Prove true company clearly take though girl must.
25,65,Jennifer Simmons,2014-08-06,Matter notice great until.
26,58,Ashley Smith,2018-12-08,Whose one each southern into memory hair.
27,45,Bernard Ortiz,2015-03-19,Level range born attorney page.
28,4,Cody Jenkins,2021-04-18,Tough make economy build from.
29,84,Anthony Cooper,2016-06-26,Put indicate all order suffer professional.
30,74,Heather Berg,2017-02-14,Sign hotel quality school force call.
31,97,Laura Stanton,2016-10-18,Draw which wrong rest we their describe.
32,57,Emily Foster,2017-10-28,Need education see six.
33,14,Nicole Morris,2014-01-28,Interesting trial region.
34,67,William Adkins,2017-11-03,Good son camera sign political economy.
35,65,Leslie Thomas,

