ID_Utilisateur,Nom,Prenom
1,Smith,John
2,Johnson,Mary
3,Williams,James
4,Jones,Patricia
5,Brown,Michael
6,Davis,Linda
7,Miller,Robert
8,Wilson,Barbara
9,Moore,David
10,Taylor,Maria
11,Anderson,James
12,Thomas,Laura
13,Jackson,Richard
14,White,Pamela
15,Harris,John
16,Martin,Linda
17,Thompson,Robert
18,Garcia,Donna
19,Martinez,Michael
20,Robinson,Deborah
21,Clark,Linda
22,Rodriguez,David
23,Lewis,Susan
24,Lee,Karen
25,Walker,Steven
26,Hall,Jennifer
27,Allen,Joseph
28,Young,Helen
29,Hernandez,Frank
30,King,Debra
31,Wright,Brian
32,Lopez,Carol
33,Hill,Christopher
34,Scott,Michelle
35,Green,Charles
36,Adams,Linda
37,Baker,Thomas
38,Gonzalez,Karen
39,Nelson,Richard
40,Carter,Betty
41,Mitchell,Edward
42,Perez,Ruth
43,Roberts,Steven
44,Turner,Sharon
45,Phillips,Gerald
46,Campbell,Amy
47,Parker,Dennis
48,Evans,Cynthia
49,Edwards,Gary
50,Collins,Alice
51,Stewart,Daniel
52,Sanchez,Julie
53,Morris,Larry
54,Rogers,Beverly
55,Reed,Howard
56,Cook,Kathy
57,Morgan,Carlos
58,Bell,Jane
59,Murphy,Ralph
60,Bailey,Amanda
61,Rivera,Eric
62,Cooper,Angela
63,Cox,Matthew
64,Flores,Rebecca
65,Reyes,George
66,Fisher,Margaret
67,Ford,Gerald
68,Hamilton,Janice
69,Graham,Billy
70,Sullivan,Deborah
71,Wallace,Daniel
72,Woods,Karen
73,Cole,Willie
74,West,Carolyn
75,Jordan,Gary
76,Owens,Christine
77,Fisher,Deborah
78,Dean,Johnny
79,Bryant,Victoria
80,Alexander,Harry
81,Russell,Ann
82,Griffin,Shirley
83,Diaz,Chris
84,Hayes,Martha
85,Myers,Stephen
86,Ford,Teresa
87,Brooks,Paula
88,Ward,Phillip
89,Foster,Donna
90,Gonzales,Jose
91,Bryant,Julia
92,Alexander,Henry
93,Rodriguez,Bonnie
94,Barnes,Doris
95,Fisher,Kathleen
96,Hunt,Harold
97,Gomez,Diane
98,Kelly,Kelly
99,Burns,Susan
100,Andrews,Brandon

